{"entities":{"pages":{"MK-Series":{"id":"MK-Series","title":"MK Series","url":"mk-series.html","level":0,"pages":["MK-Auth","MK-Cleaner","MK-JoinMessage-Main","MK-MuLib"],"tabIndex":0},"MK-Auth":{"id":"MK-Auth","title":"MK-Auther","url":"mk-auth.html","level":1,"parentId":"MK-Series","tabIndex":0},"MK-Cleaner":{"id":"MK-Cleaner","title":"MK-Cleaner","url":"mk-cleaner.html","level":1,"parentId":"MK-Series","tabIndex":1},"MK-JoinMessage-Main":{"id":"MK-JoinMessage-Main","title":"MK-JoinMessage","url":"mk-joinmessage-main.html","level":1,"parentId":"MK-Series","pages":["Download-Install"],"tabIndex":2},"Download-Install":{"id":"Download-Install","title":"Download \u0026 Install","url":"download-install.html","level":2,"parentId":"MK-JoinMessage-Main","tabIndex":0},"MK-MuLib":{"id":"MK-MuLib","title":"MK-MuLib","url":"mk-mulib.html","level":1,"parentId":"MK-Series","tabIndex":3},"XY-Series":{"id":"XY-Series","title":"RS-Series","url":"xy-series.html","level":0,"pages":["XY-FantasyI"],"tabIndex":1},"XY-FantasyI":{"id":"XY-FantasyI","title":"RS-FantasyI","url":"xy-fantasyi.html","level":1,"parentId":"XY-Series","tabIndex":0}}},"topLevelIds":["MK-Series","XY-Series"]}